Parameter,Object,Object timestamp,Writable,Writable timestamp,Value,Value type,Value timestamp,Notification,Notification timestamp,Access list,Access list timestamp
DeviceID.ID,false,2026-06-17T09:01:38.815Z,false,2026-06-17T09:01:38.815Z,"A4F33B-GM219-ZICG298C94AE",xsd:string,2026-06-17T09:01:38.815Z,,,,
DeviceID.Manufacturer,false,2026-06-17T09:01:38.815Z,false,2026-06-17T09:01:38.815Z,"ZICG",xsd:string,2026-06-17T09:01:38.815Z,,,,
DeviceID.OUI,false,2026-06-17T09:01:38.815Z,false,2026-06-17T09:01:38.815Z,"A4F33B",xsd:string,2026-06-17T09:01:38.815Z,,,,
DeviceID.ProductClass,false,2026-06-17T09:01:38.815Z,false,2026-06-17T09:01:38.815Z,"GM219",xsd:string,2026-06-17T09:01:38.815Z,,,,
DeviceID.SerialNumber,false,2026-06-17T09:01:38.815Z,false,2026-06-17T09:01:38.815Z,"ZICG298C94AE",xsd:string,2026-06-17T09:01:38.815Z,,,,
Events.0_BOOTSTRAP,false,2026-06-17T09:01:38.815Z,false,2026-06-17T09:01:38.815Z,"2026-06-17T08:10:17.087Z",xsd:dateTime,2026-06-17T09:01:38.815Z,,,,
Events.1_BOOT,false,2026-06-17T09:01:38.815Z,false,2026-06-17T09:01:38.815Z,"2026-06-17T08:10:17.087Z",xsd:dateTime,2026-06-17T09:01:38.815Z,,,,
Events.Inform,false,2026-06-17T09:01:38.815Z,false,2026-06-17T09:01:38.815Z,"2026-06-17T09:01:38.815Z",xsd:dateTime,2026-06-17T09:01:38.815Z,,,,
Events.Registered,false,2026-06-17T09:01:38.815Z,false,2026-06-17T09:01:38.815Z,"2026-06-17T08:10:17.087Z",xsd:dateTime,2026-06-17T09:01:38.815Z,,,,
InternetGatewayDevice,true,2026-06-17T08:10:17.087Z,false,2026-06-17T08:10:17.087Z,"",,,,,,
InternetGatewayDevice.DeviceInfo,true,2026-06-17T08:10:17.087Z,false,2026-06-17T08:10:17.087Z,"",,,,,,
InternetGatewayDevice.DeviceInfo.HardwareVersion,false,2026-06-17T08:10:17.087Z,,,"V2.0",xsd:string,2026-06-17T09:01:38.816Z,,,,
InternetGatewayDevice.DeviceInfo.ProvisioningCode,false,2026-06-17T08:10:17.087Z,,,"TLCO.GRP2",xsd:string,2026-06-17T09:01:38.816Z,,,,
InternetGatewayDevice.DeviceInfo.SoftwareVersion,false,2026-06-17T08:10:17.087Z,,,"TM-V2.2.0",xsd:string,2026-06-17T09:01:38.816Z,,,,
InternetGatewayDevice.DeviceInfo.SpecVersion,false,2026-06-17T08:10:17.087Z,,,"1.0",xsd:string,2026-06-17T09:01:38.816Z,,,,
InternetGatewayDevice.DeviceSummary,false,2026-06-17T08:10:17.087Z,false,2026-06-17T08:10:17.087Z,"",,,,,,
InternetGatewayDevice.DownloadDiagnostics,true,2026-06-17T08:10:17.087Z,false,2026-06-17T08:10:17.087Z,"",,,,,,
InternetGatewayDevice.IPPingDiagnostics,true,2026-06-17T08:10:17.087Z,false,2026-06-17T08:10:17.087Z,"",,,,,,
InternetGatewayDevice.LANDevice,true,2026-06-17T08:10:17.087Z,false,2026-06-17T08:10:17.087Z,"",,,,,,
InternetGatewayDevice.LANDevice.1,true,2026-06-17T08:10:17.087Z,false,2026-06-17T08:10:17.087Z,"",,,,,,
InternetGatewayDevice.LANDevice.1.Hosts,true,2026-06-17T08:10:17.087Z,false,2026-06-17T08:10:17.087Z,"",,,,,,
InternetGatewayDevice.LANDevice.1.Hosts.Host,true,2026-06-17T08:10:17.087Z,false,2026-06-17T08:10:17.087Z,"",,,,,,
InternetGatewayDevice.LANDevice.1.Hosts.Host.1,true,2026-06-17T08:10:17.087Z,false,2026-06-17T08:10:17.087Z,"",,,,,,
InternetGatewayDevice.LANDevice.1.Hosts.Host.1.Active,false,2026-06-17T08:10:17.087Z,false,2026-06-17T08:10:17.087Z,"",,,,,,
InternetGatewayDevice.LANDevice.1.Hosts.Host.1.AddressSource,false,2026-06-17T08:10:17.087Z,false,2026-06-17T08:10:17.087Z,"",,,,,,
InternetGatewayDevice.LANDevice.1.Hosts.Host.1.HostName,false,2026-06-17T08:10:17.087Z,false,2026-06-17T08:10:17.087Z,"OPPO-A3x",xsd:string,2026-06-17T08:10:17.101Z,,,,
InternetGatewayDevice.LANDevice.1.Hosts.Host.1.IPAddress,false,2026-06-17T08:10:17.087Z,false,2026-06-17T08:10:17.087Z,"192.168.70.3",xsd:string,2026-06-17T08:10:17.101Z,,,,
InternetGatewayDevice.LANDevice.1.Hosts.Host.1.InterfaceType,false,2026-06-17T08:10:17.087Z,false,2026-06-17T08:10:17.087Z,"",,,,,,
InternetGatewayDevice.LANDevice.1.Hosts.Host.1.LeaseTimeRemaining,false,2026-06-17T08:10:17.087Z,false,2026-06-17T08:10:17.087Z,"",,,,,,
InternetGatewayDevice.LANDevice.1.Hosts.Host.1.MACAddress,false,2026-06-17T08:10:17.087Z,false,2026-06-17T08:10:17.087Z,"CA:AB:1E:EE:21:10",xsd:string,2026-06-17T08:10:17.101Z,,,,
InternetGatewayDevice.LANDevice.1.Hosts.Host.2,true,2026-06-17T08:10:17.087Z,false,2026-06-17T08:10:17.087Z,"",,,,,,
InternetGatewayDevice.LANDevice.1.Hosts.Host.2.Active,false,2026-06-17T08:10:17.087Z,false,2026-06-17T08:10:17.087Z,"",,,,,,
InternetGatewayDevice.LANDevice.1.Hosts.Host.2.AddressSource,false,2026-06-17T08:10:17.087Z,false,2026-06-17T08:10:17.087Z,"",,,,,,
InternetGatewayDevice.LANDevice.1.Hosts.Host.2.HostName,false,2026-06-17T08:10:17.087Z,false,2026-06-17T08:10:17.087Z,"OPPO-A3x",xsd:string,2026-06-17T08:10:17.101Z,,,,
InternetGatewayDevice.LANDevice.1.Hosts.Host.2.IPAddress,false,2026-06-17T08:10:17.087Z,false,2026-06-17T08:10:17.087Z,"192.168.70.4",xsd:string,2026-06-17T08:10:17.101Z,,,,
InternetGatewayDevice.LANDevice.1.Hosts.Host.2.InterfaceType,false,2026-06-17T08:10:17.087Z,false,2026-06-17T08:10:17.087Z,"",,,,,,
InternetGatewayDevice.LANDevice.1.Hosts.Host.2.LeaseTimeRemaining,false,2026-06-17T08:10:17.087Z,false,2026-06-17T08:10:17.087Z,"",,,,,,
InternetGatewayDevice.LANDevice.1.Hosts.Host.2.MACAddress,false,2026-06-17T08:10:17.087Z,false,2026-06-17T08:10:17.087Z,"26:53:16:23:76:3B",xsd:string,2026-06-17T08:10:17.101Z,,,,
InternetGatewayDevice.LANDevice.1.Hosts.Host.3,true,2026-06-17T08:10:17.087Z,false,2026-06-17T08:10:17.087Z,"",,,,,,
InternetGatewayDevice.LANDevice.1.Hosts.Host.3.Active,false,2026-06-17T08:10:17.087Z,false,2026-06-17T08:10:17.087Z,"",,,,,,
InternetGatewayDevice.LANDevice.1.Hosts.Host.3.AddressSource,false,2026-06-17T08:10:17.087Z,false,2026-06-17T08:10:17.087Z,"",,,,,,
InternetGatewayDevice.LANDevice.1.Hosts.Host.3.HostName,false,2026-06-17T08:10:17.087Z,false,2026-06-17T08:10:17.087Z,"Redmi-12C",xsd:string,2026-06-17T08:10:17.101Z,,,,
InternetGatewayDevice.LANDevice.1.Hosts.Host.3.IPAddress,false,2026-06-17T08:10:17.087Z,false,2026-06-17T08:10:17.087Z,"192.168.70.5",xsd:string,2026-06-17T08:10:17.101Z,,,,
InternetGatewayDevice.LANDevice.1.Hosts.Host.3.InterfaceType,false,2026-06-17T08:10:17.087Z,false,2026-06-17T08:10:17.087Z,"",,,,,,
InternetGatewayDevice.LANDevice.1.Hosts.Host.3.LeaseTimeRemaining,false,2026-06-17T08:10:17.087Z,false,2026-06-17T08:10:17.087Z,"",,,,,,
InternetGatewayDevice.LANDevice.1.Hosts.Host.3.MACAddress,false,2026-06-17T08:10:17.087Z,false,2026-06-17T08:10:17.087Z,"1E:57:04:C9:47:9E",xsd:string,2026-06-17T08:10:17.101Z,,,,
InternetGatewayDevice.LANDevice.1.Hosts.HostNumberOfEntries,false,2026-06-17T08:10:17.087Z,false,2026-06-17T08:10:17.087Z,"",,,,,,
InternetGatewayDevice.LANDevice.1.LANEthernetInterfaceConfig,true,2026-06-17T08:10:17.087Z,false,2026-06-17T08:10:17.087Z,"",,,,,,
InternetGatewayDevice.LANDevice.1.LANHostConfigManagement,true,2026-06-17T08:10:17.087Z,false,2026-06-17T08:10:17.087Z,"",,,,,,
InternetGatewayDevice.LANDevice.1.WLANConfiguration,true,2026-06-17T08:10:17.087Z,true,2026-06-17T08:10:17.087Z,"",,,,,,
InternetGatewayDevice.LANDevice.1.WLANConfiguration.1,true,2026-06-17T08:10:17.087Z,true,2026-06-17T08:10:17.087Z,"",,,,,,
InternetGatewayDevice.LANDevice.1.WLANConfiguration.1.AssociatedDevice,true,2026-06-17T08:10:17.087Z,false,2026-06-17T08:10:17.087Z,"",,,,,,
InternetGatewayDevice.LANDevice.1.WLANConfiguration.1.AuthenticationServiceMode,false,2026-06-17T08:10:17.087Z,true,2026-06-17T08:10:17.087Z,"",,,,,,
InternetGatewayDevice.LANDevice.1.WLANConfiguration.1.AutoRateFallBackEnabled,false,2026-06-17T08:10:17.087Z,true,2026-06-17T08:10:17.087Z,"",,,,,,
InternetGatewayDevice.LANDevice.1.WLANConfiguration.1.BSSID,false,2026-06-17T08:10:17.087Z,false,2026-06-17T08:10:17.087Z,"",,,,,,
InternetGatewayDevice.LANDevice.1.WLANConfiguration.1.BandWidth,false,2026-06-17T08:10:17.087Z,true,2026-06-17T08:10:17.087Z,"",,,,,,
InternetGatewayDevice.LANDevice.1.WLANConfiguration.1.BasicAuthenticationMode,false,2026-06-17T08:10:17.087Z,true,2026-06-17T08:10:17.087Z,"",,,,,,
InternetGatewayDevice.LANDevice.1.WLANConfiguration.1.BasicDataTransmitRates,false,2026-06-17T08:10:17.087Z,true,2026-06-17T08:10:17.087Z,"",,,,,,
InternetGatewayDevice.LANDevice.1.WLANConfiguration.1.BasicEncryptionModes,false,2026-06-17T08:10:17.087Z,true,2026-06-17T08:10:17.087Z,"",,,,,,
InternetGatewayDevice.LANDevice.1.WLANConfiguration.1.BeaconAdvertisementEnabled,false,2026-06-17T08:10:17.087Z,true,2026-06-17T08:10:17.087Z,"",,,,,,
InternetGatewayDevice.LANDevice.1.WLANConfiguration.1.BeaconType,false,2026-06-17T08:10:17.087Z,true,2026-06-17T08:10:17.087Z,"",,,,,,
InternetGatewayDevice.LANDevice.1.WLANConfiguration.1.Channel,false,2026-06-17T08:10:17.087Z,true,2026-06-17T08:10:17.087Z,"",,,,,,
InternetGatewayDevice.LANDevice.1.WLANConfiguration.1.ChannelsInUse,false,2026-06-17T08:10:17.087Z,false,2026-06-17T08:10:17.087Z,"",,,,,,
InternetGatewayDevice.LANDevice.1.WLANConfiguration.1.DeviceOperationMode,false,2026-06-17T08:10:17.087Z,true,2026-06-17T08:10:17.087Z,"",,,,,,
InternetGatewayDevice.LANDevice.1.WLANConfiguration.1.DistanceFromRoot,false,2026-06-17T08:10:17.087Z,true,2026-06-17T08:10:17.087Z,"",,,,,,
InternetGatewayDevice.LANDevice.1.WLANConfiguration.1.Enable,false,2026-06-17T08:10:17.087Z,true,2026-06-17T08:10:17.087Z,"",,,,,,
InternetGatewayDevice.LANDevice.1.WLANConfiguration.1.ExternelChannel,false,2026-06-17T08:10:17.087Z,true,2026-06-17T08:10:17.087Z,"",,,,,,
InternetGatewayDevice.LANDevice.1.WLANConfiguration.1.IEEE11iAuthenticationMode,false,2026-06-17T08:10:17.087Z,true,2026-06-17T08:10:17.087Z,"",,,,,,
InternetGatewayDevice.LANDevice.1.WLANConfiguration.1.IEEE11iEncryptionModes,false,2026-06-17T08:10:17.087Z,true,2026-06-17T08:10:17.087Z,"",,,,,,
InternetGatewayDevice.LANDevice.1.WLANConfiguration.1.InsecureOOBAccessEnabled,false,2026-06-17T08:10:17.087Z,true,2026-06-17T08:10:17.087Z,"",,,,,,
InternetGatewayDevice.LANDevice.1.WLANConfiguration.1.IsolationEnable,false,2026-06-17T08:10:17.087Z,true,2026-06-17T08:10:17.087Z,"",,,,,,
InternetGatewayDevice.LANDevice.1.WLANConfiguration.1.KeyPassphrase,false,2026-06-17T08:10:17.087Z,true,2026-06-17T08:10:17.087Z,"",xsd:string,2026-06-17T08:10:17.099Z,,,,
InternetGatewayDevice.LANDevice.1.WLANConfiguration.1.LocationDescription,false,2026-06-17T08:10:17.087Z,true,2026-06-17T08:10:17.087Z,"",,,,,,
InternetGatewayDevice.LANDevice.1.WLANConfiguration.1.MACAddressControlEnabled,false,2026-06-17T08:10:17.087Z,true,2026-06-17T08:10:17.087Z,"",,,,,,
InternetGatewayDevice.LANDevice.1.WLANConfiguration.1.MaxBitRate,false,2026-06-17T08:10:17.087Z,true,2026-06-17T08:10:17.087Z,"",,,,,,
InternetGatewayDevice.LANDevice.1.WLANConfiguration.1.MaxUserNum,false,2026-06-17T08:10:17.087Z,true,2026-06-17T08:10:17.087Z,"",,,,,,
InternetGatewayDevice.LANDevice.1.WLANConfiguration.1.OperationalDataTransmitRates,false,2026-06-17T08:10:17.087Z,true,2026-06-17T08:10:17.087Z,"",,,,,,
InternetGatewayDevice.LANDevice.1.WLANConfiguration.1.PeerBSSID,false,2026-06-17T08:10:17.087Z,true,2026-06-17T08:10:17.087Z,"",,,,,,
InternetGatewayDevice.LANDevice.1.WLANConfiguration.1.PossibleChannels,false,2026-06-17T08:10:17.087Z,false,2026-06-17T08:10:17.087Z,"",,,,,,
InternetGatewayDevice.LANDevice.1.WLANConfiguration.1.PossibleDataTransmitRates,false,2026-06-17T08:10:17.087Z,false,2026-06-17T08:10:17.087Z,"",,,,,,
InternetGatewayDevice.LANDevice.1.WLANConfiguration.1.PreSharedKey,true,2026-06-17T08:10:17.087Z,false,2026-06-17T08:10:17.087Z,"",,,,,,
InternetGatewayDevice.LANDevice.1.WLANConfiguration.1.RadioEnabled,false,2026-06-17T08:10:17.087Z,true,2026-06-17T08:10:17.087Z,"",,,,,,
InternetGatewayDevice.LANDevice.1.WLANConfiguration.1.RegulatoryDomain,false,2026-06-17T08:10:17.087Z,true,2026-06-17T08:10:17.087Z,"",,,,,,
InternetGatewayDevice.LANDevice.1.WLANConfiguration.1.SSID,false,2026-06-17T08:10:17.087Z,true,2026-06-17T08:10:17.087Z,"Aeryy",xsd:string,2026-06-17T08:10:17.099Z,,,,
InternetGatewayDevice.LANDevice.1.WLANConfiguration.1.Standard,false,2026-06-17T08:10:17.087Z,true,2026-06-17T08:10:17.087Z,"",,,,,,
InternetGatewayDevice.LANDevice.1.WLANConfiguration.1.Status,false,2026-06-17T08:10:17.087Z,false,2026-06-17T08:10:17.087Z,"",,,,,,
InternetGatewayDevice.LANDevice.1.WLANConfiguration.1.TotalAssociations,false,2026-06-17T08:10:17.087Z,false,2026-06-17T08:10:17.087Z,"",,,,,,
InternetGatewayDevice.LANDevice.1.WLANConfiguration.1.TotalBytesReceived,false,2026-06-17T08:10:17.087Z,false,2026-06-17T08:10:17.087Z,"",,,,,,
InternetGatewayDevice.LANDevice.1.WLANConfiguration.1.TotalBytesSent,false,2026-06-17T08:10:17.087Z,false,2026-06-17T08:10:17.087Z,"",,,,,,
InternetGatewayDevice.LANDevice.1.WLANConfiguration.1.TotalIntegrityFailures,false,2026-06-17T08:10:17.087Z,false,2026-06-17T08:10:17.087Z,"",,,,,,
InternetGatewayDevice.LANDevice.1.WLANConfiguration.1.TotalPSKFailures,false,2026-06-17T08:10:17.087Z,false,2026-06-17T08:10:17.087Z,"",,,,,,
InternetGatewayDevice.LANDevice.1.WLANConfiguration.1.TotalPacketsReceived,false,2026-06-17T08:10:17.087Z,false,2026-06-17T08:10:17.087Z,"",,,,,,
InternetGatewayDevice.LANDevice.1.WLANConfiguration.1.TotalPacketsSent,false,2026-06-17T08:10:17.087Z,false,2026-06-17T08:10:17.087Z,"",,,,,,
InternetGatewayDevice.LANDevice.1.WLANConfiguration.1.WEPEncryptionLevel,false,2026-06-17T08:10:17.087Z,true,2026-06-17T08:10:17.087Z,"",,,,,,
InternetGatewayDevice.LANDevice.1.WLANConfiguration.1.WEPKey,true,2026-06-17T08:10:17.087Z,false,2026-06-17T08:10:17.087Z,"",,,,,,
InternetGatewayDevice.LANDevice.1.WLANConfiguration.1.WEPKeyIndex,false,2026-06-17T08:10:17.087Z,true,2026-06-17T08:10:17.087Z,"",,,,,,
InternetGatewayDevice.LANDevice.1.WLANConfiguration.1.WPAAuthenticationMode,false,2026-06-17T08:10:17.087Z,true,2026-06-17T08:10:17.087Z,"",,,,,,
InternetGatewayDevice.LANDevice.1.WLANConfiguration.1.WPAEncryptionModes,false,2026-06-17T08:10:17.087Z,true,2026-06-17T08:10:17.087Z,"",,,,,,
InternetGatewayDevice.LANDevice.1.WLANConfiguration.1.X_CT-COM_APModuleEnable,false,2026-06-17T08:10:17.087Z,true,2026-06-17T08:10:17.087Z,"",,,,,,
InternetGatewayDevice.LANDevice.1.WLANConfiguration.1.X_CT-COM_ChannelWidth,false,2026-06-17T08:10:17.087Z,true,2026-06-17T08:10:17.087Z,"",,,,,,
InternetGatewayDevice.LANDevice.1.WLANConfiguration.1.X_CT-COM_GuardInterval,false,2026-06-17T08:10:17.087Z,true,2026-06-17T08:10:17.087Z,"",,,,,,
InternetGatewayDevice.LANDevice.1.WLANConfiguration.1.X_CT-COM_Mode,false,2026-06-17T08:10:17.087Z,true,2026-06-17T08:10:17.087Z,"",,,,,,
InternetGatewayDevice.LANDevice.1.WLANConfiguration.1.X_CT-COM_PowerValue,false,2026-06-17T08:10:17.087Z,false,2026-06-17T08:10:17.087Z,"",,,,,,
InternetGatewayDevice.LANDevice.1.WLANConfiguration.1.X_CT-COM_Powerlevel,false,2026-06-17T08:10:17.087Z,true,2026-06-17T08:10:17.087Z,"",,,,,,
InternetGatewayDevice.LANDevice.1.WLANConfiguration.1.X_CT-COM_RFBand,false,2026-06-17T08:10:17.087Z,true,2026-06-17T08:10:17.087Z,"",,,,,,
InternetGatewayDevice.LANDevice.1.WLANConfiguration.1.X_CT-COM_RetryTimeout,false,2026-06-17T08:10:17.087Z,true,2026-06-17T08:10:17.087Z,"",,,,,,
InternetGatewayDevice.LANDevice.1.WLANConfiguration.1.X_CT-COM_SSIDHide,false,2026-06-17T08:10:17.087Z,true,2026-06-17T08:10:17.087Z,"",,,,,,
InternetGatewayDevice.LANDevice.1.WLANConfiguration.1.X_CT-COM_VLAN,false,2026-06-17T08:10:17.087Z,true,2026-06-17T08:10:17.087Z,"",,,,,,
InternetGatewayDevice.LANDevice.1.WLANConfiguration.1.X_CT-COM_WPSKeyWord,false,2026-06-17T08:10:17.087Z,true,2026-06-17T08:10:17.087Z,"",,,,,,
InternetGatewayDevice.LANDevice.1.WLANConfiguration.2,true,2026-06-17T08:10:17.087Z,true,2026-06-17T08:10:17.087Z,"",,,,,,
InternetGatewayDevice.LANDevice.1.WLANConfiguration.2.AssociatedDevice,true,2026-06-17T08:10:17.087Z,false,2026-06-17T08:10:17.087Z,"",,,,,,
InternetGatewayDevice.LANDevice.1.WLANConfiguration.2.AuthenticationServiceMode,false,2026-06-17T08:10:17.087Z,true,2026-06-17T08:10:17.087Z,"",,,,,,
InternetGatewayDevice.LANDevice.1.WLANConfiguration.2.AutoRateFallBackEnabled,false,2026-06-17T08:10:17.087Z,true,2026-06-17T08:10:17.087Z,"",,,,,,
InternetGatewayDevice.LANDevice.1.WLANConfiguration.2.BSSID,false,2026-06-17T08:10:17.087Z,false,2026-06-17T08:10:17.087Z,"",,,,,,
InternetGatewayDevice.LANDevice.1.WLANConfiguration.2.BandWidth,false,2026-06-17T08:10:17.087Z,true,2026-06-17T08:10:17.087Z,"",,,,,,
InternetGatewayDevice.LANDevice.1.WLANConfiguration.2.BasicAuthenticationMode,false,2026-06-17T08:10:17.087Z,true,2026-06-17T08:10:17.087Z,"",,,,,,
InternetGatewayDevice.LANDevice.1.WLANConfiguration.2.BasicDataTransmitRates,false,2026-06-17T08:10:17.087Z,true,2026-06-17T08:10:17.087Z,"",,,,,,
InternetGatewayDevice.LANDevice.1.WLANConfiguration.2.BasicEncryptionModes,false,2026-06-17T08:10:17.087Z,true,2026-06-17T08:10:17.087Z,"",,,,,,
InternetGatewayDevice.LANDevice.1.WLANConfiguration.2.BeaconAdvertisementEnabled,false,2026-06-17T08:10:17.087Z,true,2026-06-17T08:10:17.087Z,"",,,,,,
InternetGatewayDevice.LANDevice.1.WLANConfiguration.2.BeaconType,false,2026-06-17T08:10:17.087Z,true,2026-06-17T08:10:17.087Z,"",,,,,,
InternetGatewayDevice.LANDevice.1.WLANConfiguration.2.Channel,false,2026-06-17T08:10:17.087Z,true,2026-06-17T08:10:17.087Z,"",,,,,,
InternetGatewayDevice.LANDevice.1.WLANConfiguration.2.ChannelsInUse,false,2026-06-17T08:10:17.087Z,false,2026-06-17T08:10:17.087Z,"",,,,,,
InternetGatewayDevice.LANDevice.1.WLANConfiguration.2.DeviceOperationMode,false,2026-06-17T08:10:17.087Z,true,2026-06-17T08:10:17.087Z,"",,,,,,
InternetGatewayDevice.LANDevice.1.WLANConfiguration.2.DistanceFromRoot,false,2026-06-17T08:10:17.087Z,true,2026-06-17T08:10:17.087Z,"",,,,,,
InternetGatewayDevice.LANDevice.1.WLANConfiguration.2.Enable,false,2026-06-17T08:10:17.087Z,true,2026-06-17T08:10:17.087Z,"",,,,,,
InternetGatewayDevice.LANDevice.1.WLANConfiguration.2.ExternelChannel,false,2026-06-17T08:10:17.087Z,true,2026-06-17T08:10:17.087Z,"",,,,,,
InternetGatewayDevice.LANDevice.1.WLANConfiguration.2.IEEE11iAuthenticationMode,false,2026-06-17T08:10:17.087Z,true,2026-06-17T08:10:17.087Z,"",,,,,,
InternetGatewayDevice.LANDevice.1.WLANConfiguration.2.IEEE11iEncryptionModes,false,2026-06-17T08:10:17.087Z,true,2026-06-17T08:10:17.087Z,"",,,,,,
InternetGatewayDevice.LANDevice.1.WLANConfiguration.2.InsecureOOBAccessEnabled,false,2026-06-17T08:10:17.087Z,true,2026-06-17T08:10:17.087Z,"",,,,,,
InternetGatewayDevice.LANDevice.1.WLANConfiguration.2.IsolationEnable,false,2026-06-17T08:10:17.087Z,true,2026-06-17T08:10:17.087Z,"",,,,,,
InternetGatewayDevice.LANDevice.1.WLANConfiguration.2.KeyPassphrase,false,2026-06-17T08:10:17.087Z,true,2026-06-17T08:10:17.087Z,"",xsd:string,2026-06-17T08:10:17.099Z,,,,
InternetGatewayDevice.LANDevice.1.WLANConfiguration.2.LocationDescription,false,2026-06-17T08:10:17.087Z,true,2026-06-17T08:10:17.087Z,"",,,,,,
InternetGatewayDevice.LANDevice.1.WLANConfiguration.2.MACAddressControlEnabled,false,2026-06-17T08:10:17.087Z,true,2026-06-17T08:10:17.087Z,"",,,,,,
InternetGatewayDevice.LANDevice.1.WLANConfiguration.2.MaxBitRate,false,2026-06-17T08:10:17.087Z,true,2026-06-17T08:10:17.087Z,"",,,,,,
InternetGatewayDevice.LANDevice.1.WLANConfiguration.2.MaxUserNum,false,2026-06-17T08:10:17.087Z,true,2026-06-17T08:10:17.087Z,"",,,,,,
InternetGatewayDevice.LANDevice.1.WLANConfiguration.2.OperationalDataTransmitRates,false,2026-06-17T08:10:17.087Z,true,2026-06-17T08:10:17.087Z,"",,,,,,
InternetGatewayDevice.LANDevice.1.WLANConfiguration.2.PeerBSSID,false,2026-06-17T08:10:17.087Z,true,2026-06-17T08:10:17.087Z,"",,,,,,
InternetGatewayDevice.LANDevice.1.WLANConfiguration.2.PossibleChannels,false,2026-06-17T08:10:17.087Z,false,2026-06-17T08:10:17.087Z,"",,,,,,
InternetGatewayDevice.LANDevice.1.WLANConfiguration.2.PossibleDataTransmitRates,false,2026-06-17T08:10:17.087Z,false,2026-06-17T08:10:17.087Z,"",,,,,,
InternetGatewayDevice.LANDevice.1.WLANConfiguration.2.PreSharedKey,true,2026-06-17T08:10:17.087Z,false,2026-06-17T08:10:17.087Z,"",,,,,,
InternetGatewayDevice.LANDevice.1.WLANConfiguration.2.RadioEnabled,false,2026-06-17T08:10:17.087Z,true,2026-06-17T08:10:17.087Z,"",,,,,,
InternetGatewayDevice.LANDevice.1.WLANConfiguration.2.RegulatoryDomain,false,2026-06-17T08:10:17.087Z,true,2026-06-17T08:10:17.087Z,"",,,,,,
InternetGatewayDevice.LANDevice.1.WLANConfiguration.2.SSID,false,2026-06-17T08:10:17.087Z,true,2026-06-17T08:10:17.087Z,"SSID2",xsd:string,2026-06-17T08:10:17.099Z,,,,
InternetGatewayDevice.LANDevice.1.WLANConfiguration.2.Standard,false,2026-06-17T08:10:17.087Z,true,2026-06-17T08:10:17.087Z,"",,,,,,
InternetGatewayDevice.LANDevice.1.WLANConfiguration.2.Status,false,2026-06-17T08:10:17.087Z,false,2026-06-17T08:10:17.087Z,"",,,,,,
InternetGatewayDevice.LANDevice.1.WLANConfiguration.2.TotalAssociations,false,2026-06-17T08:10:17.087Z,false,2026-06-17T08:10:17.087Z,"",,,,,,
InternetGatewayDevice.LANDevice.1.WLANConfiguration.2.TotalBytesReceived,false,2026-06-17T08:10:17.087Z,false,2026-06-17T08:10:17.087Z,"",,,,,,
InternetGatewayDevice.LANDevice.1.WLANConfiguration.2.TotalBytesSent,false,2026-06-17T08:10:17.087Z,false,2026-06-17T08:10:17.087Z,"",,,,,,
InternetGatewayDevice.LANDevice.1.WLANConfiguration.2.TotalIntegrityFailures,false,2026-06-17T08:10:17.087Z,false,2026-06-17T08:10:17.087Z,"",,,,,,
InternetGatewayDevice.LANDevice.1.WLANConfiguration.2.TotalPSKFailures,false,2026-06-17T08:10:17.087Z,false,2026-06-17T08:10:17.087Z,"",,,,,,
InternetGatewayDevice.LANDevice.1.WLANConfiguration.2.TotalPacketsReceived,false,2026-06-17T08:10:17.087Z,false,2026-06-17T08:10:17.087Z,"",,,,,,
InternetGatewayDevice.LANDevice.1.WLANConfiguration.2.TotalPacketsSent,false,2026-06-17T08:10:17.087Z,false,2026-06-17T08:10:17.087Z,"",,,,,,
InternetGatewayDevice.LANDevice.1.WLANConfiguration.2.WEPEncryptionLevel,false,2026-06-17T08:10:17.087Z,true,2026-06-17T08:10:17.087Z,"",,,,,,
InternetGatewayDevice.LANDevice.1.WLANConfiguration.2.WEPKey,true,2026-06-17T08:10:17.087Z,false,2026-06-17T08:10:17.087Z,"",,,,,,
InternetGatewayDevice.LANDevice.1.WLANConfiguration.2.WEPKeyIndex,false,2026-06-17T08:10:17.087Z,true,2026-06-17T08:10:17.087Z,"",,,,,,
InternetGatewayDevice.LANDevice.1.WLANConfiguration.2.WPAAuthenticationMode,false,2026-06-17T08:10:17.087Z,true,2026-06-17T08:10:17.087Z,"",,,,,,
InternetGatewayDevice.LANDevice.1.WLANConfiguration.2.WPAEncryptionModes,false,2026-06-17T08:10:17.087Z,true,2026-06-17T08:10:17.087Z,"",,,,,,
InternetGatewayDevice.LANDevice.1.WLANConfiguration.2.X_CT-COM_APModuleEnable,false,2026-06-17T08:10:17.087Z,true,2026-06-17T08:10:17.087Z,"",,,,,,
InternetGatewayDevice.LANDevice.1.WLANConfiguration.2.X_CT-COM_ChannelWidth,false,2026-06-17T08:10:17.087Z,true,2026-06-17T08:10:17.087Z,"",,,,,,
InternetGatewayDevice.LANDevice.1.WLANConfiguration.2.X_CT-COM_GuardInterval,false,2026-06-17T08:10:17.087Z,true,2026-06-17T08:10:17.087Z,"",,,,,,
InternetGatewayDevice.LANDevice.1.WLANConfiguration.2.X_CT-COM_Mode,false,2026-06-17T08:10:17.087Z,true,2026-06-17T08:10:17.087Z,"",,,,,,
InternetGatewayDevice.LANDevice.1.WLANConfiguration.2.X_CT-COM_PowerValue,false,2026-06-17T08:10:17.087Z,false,2026-06-17T08:10:17.087Z,"",,,,,,
InternetGatewayDevice.LANDevice.1.WLANConfiguration.2.X_CT-COM_Powerlevel,false,2026-06-17T08:10:17.087Z,true,2026-06-17T08:10:17.087Z,"",,,,,,
InternetGatewayDevice.LANDevice.1.WLANConfiguration.2.X_CT-COM_RFBand,false,2026-06-17T08:10:17.087Z,true,2026-06-17T08:10:17.087Z,"",,,,,,
InternetGatewayDevice.LANDevice.1.WLANConfiguration.2.X_CT-COM_RetryTimeout,false,2026-06-17T08:10:17.087Z,true,2026-06-17T08:10:17.087Z,"",,,,,,
InternetGatewayDevice.LANDevice.1.WLANConfiguration.2.X_CT-COM_SSIDHide,false,2026-06-17T08:10:17.087Z,true,2026-06-17T08:10:17.087Z,"",,,,,,
InternetGatewayDevice.LANDevice.1.WLANConfiguration.2.X_CT-COM_VLAN,false,2026-06-17T08:10:17.087Z,true,2026-06-17T08:10:17.087Z,"",,,,,,
InternetGatewayDevice.LANDevice.1.WLANConfiguration.2.X_CT-COM_WPSKeyWord,false,2026-06-17T08:10:17.087Z,true,2026-06-17T08:10:17.087Z,"",,,,,,
InternetGatewayDevice.LANDevice.1.WLANConfiguration.3,true,2026-06-17T08:10:17.087Z,true,2026-06-17T08:10:17.087Z,"",,,,,,
InternetGatewayDevice.LANDevice.1.WLANConfiguration.3.AssociatedDevice,true,2026-06-17T08:10:17.087Z,false,2026-06-17T08:10:17.087Z,"",,,,,,
InternetGatewayDevice.LANDevice.1.WLANConfiguration.3.AuthenticationServiceMode,false,2026-06-17T08:10:17.087Z,true,2026-06-17T08:10:17.087Z,"",,,,,,
InternetGatewayDevice.LANDevice.1.WLANConfiguration.3.AutoRateFallBackEnabled,false,2026-06-17T08:10:17.087Z,true,2026-06-17T08:10:17.087Z,"",,,,,,
InternetGatewayDevice.LANDevice.1.WLANConfiguration.3.BSSID,false,2026-06-17T08:10:17.087Z,false,2026-06-17T08:10:17.087Z,"",,,,,,
InternetGatewayDevice.LANDevice.1.WLANConfiguration.3.BandWidth,false,2026-06-17T08:10:17.087Z,true,2026-06-17T08:10:17.087Z,"",,,,,,
InternetGatewayDevice.LANDevice.1.WLANConfiguration.3.BasicAuthenticationMode,false,2026-06-17T08:10:17.087Z,true,2026-06-17T08:10:17.087Z,"",,,,,,
InternetGatewayDevice.LANDevice.1.WLANConfiguration.3.BasicDataTransmitRates,false,2026-06-17T08:10:17.087Z,true,2026-06-17T08:10:17.087Z,"",,,,,,
InternetGatewayDevice.LANDevice.1.WLANConfiguration.3.BasicEncryptionModes,false,2026-06-17T08:10:17.087Z,true,2026-06-17T08:10:17.087Z,"",,,,,,
InternetGatewayDevice.LANDevice.1.WLANConfiguration.3.BeaconAdvertisementEnabled,false,2026-06-17T08:10:17.087Z,true,2026-06-17T08:10:17.087Z,"",,,,,,
InternetGatewayDevice.LANDevice.1.WLANConfiguration.3.BeaconType,false,2026-06-17T08:10:17.087Z,true,2026-06-17T08:10:17.087Z,"",,,,,,
InternetGatewayDevice.LANDevice.1.WLANConfiguration.3.Channel,false,2026-06-17T08:10:17.087Z,true,2026-06-17T08:10:17.087Z,"",,,,,,
InternetGatewayDevice.LANDevice.1.WLANConfiguration.3.ChannelsInUse,false,2026-06-17T08:10:17.087Z,false,2026-06-17T08:10:17.087Z,"",,,,,,
InternetGatewayDevice.LANDevice.1.WLANConfiguration.3.DeviceOperationMode,false,2026-06-17T08:10:17.087Z,true,2026-06-17T08:10:17.087Z,"",,,,,,
InternetGatewayDevice.LANDevice.1.WLANConfiguration.3.DistanceFromRoot,false,2026-06-17T08:10:17.087Z,true,2026-06-17T08:10:17.087Z,"",,,,,,
InternetGatewayDevice.LANDevice.1.WLANConfiguration.3.Enable,false,2026-06-17T08:10:17.087Z,true,2026-06-17T08:10:17.087Z,"",,,,,,
InternetGatewayDevice.LANDevice.1.WLANConfiguration.3.ExternelChannel,false,2026-06-17T08:10:17.087Z,true,2026-06-17T08:10:17.087Z,"",,,,,,
InternetGatewayDevice.LANDevice.1.WLANConfiguration.3.IEEE11iAuthenticationMode,false,2026-06-17T08:10:17.087Z,true,2026-06-17T08:10:17.087Z,"",,,,,,
InternetGatewayDevice.LANDevice.1.WLANConfiguration.3.IEEE11iEncryptionModes,false,2026-06-17T08:10:17.087Z,true,2026-06-17T08:10:17.087Z,"",,,,,,
InternetGatewayDevice.LANDevice.1.WLANConfiguration.3.InsecureOOBAccessEnabled,false,2026-06-17T08:10:17.087Z,true,2026-06-17T08:10:17.087Z,"",,,,,,
InternetGatewayDevice.LANDevice.1.WLANConfiguration.3.IsolationEnable,false,2026-06-17T08:10:17.087Z,true,2026-06-17T08:10:17.087Z,"",,,,,,
InternetGatewayDevice.LANDevice.1.WLANConfiguration.3.KeyPassphrase,false,2026-06-17T08:10:17.087Z,true,2026-06-17T08:10:17.087Z,"",xsd:string,2026-06-17T08:10:17.099Z,,,,
InternetGatewayDevice.LANDevice.1.WLANConfiguration.3.LocationDescription,false,2026-06-17T08:10:17.087Z,true,2026-06-17T08:10:17.087Z,"",,,,,,
InternetGatewayDevice.LANDevice.1.WLANConfiguration.3.MACAddressControlEnabled,false,2026-06-17T08:10:17.087Z,true,2026-06-17T08:10:17.087Z,"",,,,,,
InternetGatewayDevice.LANDevice.1.WLANConfiguration.3.MaxBitRate,false,2026-06-17T08:10:17.087Z,true,2026-06-17T08:10:17.087Z,"",,,,,,
InternetGatewayDevice.LANDevice.1.WLANConfiguration.3.MaxUserNum,false,2026-06-17T08:10:17.087Z,true,2026-06-17T08:10:17.087Z,"",,,,,,
InternetGatewayDevice.LANDevice.1.WLANConfiguration.3.OperationalDataTransmitRates,false,2026-06-17T08:10:17.087Z,true,2026-06-17T08:10:17.087Z,"",,,,,,
InternetGatewayDevice.LANDevice.1.WLANConfiguration.3.PeerBSSID,false,2026-06-17T08:10:17.087Z,true,2026-06-17T08:10:17.087Z,"",,,,,,
InternetGatewayDevice.LANDevice.1.WLANConfiguration.3.PossibleChannels,false,2026-06-17T08:10:17.087Z,false,2026-06-17T08:10:17.087Z,"",,,,,,
InternetGatewayDevice.LANDevice.1.WLANConfiguration.3.PossibleDataTransmitRates,false,2026-06-17T08:10:17.087Z,false,2026-06-17T08:10:17.087Z,"",,,,,,
InternetGatewayDevice.LANDevice.1.WLANConfiguration.3.PreSharedKey,true,2026-06-17T08:10:17.087Z,false,2026-06-17T08:10:17.087Z,"",,,,,,
InternetGatewayDevice.LANDevice.1.WLANConfiguration.3.RadioEnabled,false,2026-06-17T08:10:17.087Z,true,2026-06-17T08:10:17.087Z,"",,,,,,
InternetGatewayDevice.LANDevice.1.WLANConfiguration.3.RegulatoryDomain,false,2026-06-17T08:10:17.087Z,true,2026-06-17T08:10:17.087Z,"",,,,,,
InternetGatewayDevice.LANDevice.1.WLANConfiguration.3.SSID,false,2026-06-17T08:10:17.087Z,true,2026-06-17T08:10:17.087Z,"SSID3",xsd:string,2026-06-17T08:10:17.099Z,,,,
InternetGatewayDevice.LANDevice.1.WLANConfiguration.3.Standard,false,2026-06-17T08:10:17.087Z,true,2026-06-17T08:10:17.087Z,"",,,,,,
InternetGatewayDevice.LANDevice.1.WLANConfiguration.3.Status,false,2026-06-17T08:10:17.087Z,false,2026-06-17T08:10:17.087Z,"",,,,,,
InternetGatewayDevice.LANDevice.1.WLANConfiguration.3.TotalAssociations,false,2026-06-17T08:10:17.087Z,false,2026-06-17T08:10:17.087Z,"",,,,,,
InternetGatewayDevice.LANDevice.1.WLANConfiguration.3.TotalBytesReceived,false,2026-06-17T08:10:17.087Z,false,2026-06-17T08:10:17.087Z,"",,,,,,
InternetGatewayDevice.LANDevice.1.WLANConfiguration.3.TotalBytesSent,false,2026-06-17T08:10:17.087Z,false,2026-06-17T08:10:17.087Z,"",,,,,,
InternetGatewayDevice.LANDevice.1.WLANConfiguration.3.TotalIntegrityFailures,false,2026-06-17T08:10:17.087Z,false,2026-06-17T08:10:17.087Z,"",,,,,,
InternetGatewayDevice.LANDevice.1.WLANConfiguration.3.TotalPSKFailures,false,2026-06-17T08:10:17.087Z,false,2026-06-17T08:10:17.087Z,"",,,,,,
InternetGatewayDevice.LANDevice.1.WLANConfiguration.3.TotalPacketsReceived,false,2026-06-17T08:10:17.087Z,false,2026-06-17T08:10:17.087Z,"",,,,,,
InternetGatewayDevice.LANDevice.1.WLANConfiguration.3.TotalPacketsSent,false,2026-06-17T08:10:17.087Z,false,2026-06-17T08:10:17.087Z,"",,,,,,
InternetGatewayDevice.LANDevice.1.WLANConfiguration.3.WEPEncryptionLevel,false,2026-06-17T08:10:17.087Z,true,2026-06-17T08:10:17.087Z,"",,,,,,
InternetGatewayDevice.LANDevice.1.WLANConfiguration.3.WEPKey,true,2026-06-17T08:10:17.087Z,false,2026-06-17T08:10:17.087Z,"",,,,,,
InternetGatewayDevice.LANDevice.1.WLANConfiguration.3.WEPKeyIndex,false,2026-06-17T08:10:17.087Z,true,2026-06-17T08:10:17.087Z,"",,,,,,
InternetGatewayDevice.LANDevice.1.WLANConfiguration.3.WPAAuthenticationMode,false,2026-06-17T08:10:17.087Z,true,2026-06-17T08:10:17.087Z,"",,,,,,
InternetGatewayDevice.LANDevice.1.WLANConfiguration.3.WPAEncryptionModes,false,2026-06-17T08:10:17.087Z,true,2026-06-17T08:10:17.087Z,"",,,,,,
InternetGatewayDevice.LANDevice.1.WLANConfiguration.3.X_CT-COM_APModuleEnable,false,2026-06-17T08:10:17.087Z,true,2026-06-17T08:10:17.087Z,"",,,,,,
InternetGatewayDevice.LANDevice.1.WLANConfiguration.3.X_CT-COM_ChannelWidth,false,2026-06-17T08:10:17.087Z,true,2026-06-17T08:10:17.087Z,"",,,,,,
InternetGatewayDevice.LANDevice.1.WLANConfiguration.3.X_CT-COM_GuardInterval,false,2026-06-17T08:10:17.087Z,true,2026-06-17T08:10:17.087Z,"",,,,,,
InternetGatewayDevice.LANDevice.1.WLANConfiguration.3.X_CT-COM_Mode,false,2026-06-17T08:10:17.087Z,true,2026-06-17T08:10:17.087Z,"",,,,,,
InternetGatewayDevice.LANDevice.1.WLANConfiguration.3.X_CT-COM_PowerValue,false,2026-06-17T08:10:17.087Z,false,2026-06-17T08:10:17.087Z,"",,,,,,
InternetGatewayDevice.LANDevice.1.WLANConfiguration.3.X_CT-COM_Powerlevel,false,2026-06-17T08:10:17.087Z,true,2026-06-17T08:10:17.087Z,"",,,,,,
InternetGatewayDevice.LANDevice.1.WLANConfiguration.3.X_CT-COM_RFBand,false,2026-06-17T08:10:17.087Z,true,2026-06-17T08:10:17.087Z,"",,,,,,
InternetGatewayDevice.LANDevice.1.WLANConfiguration.3.X_CT-COM_RetryTimeout,false,2026-06-17T08:10:17.087Z,true,2026-06-17T08:10:17.087Z,"",,,,,,
InternetGatewayDevice.LANDevice.1.WLANConfiguration.3.X_CT-COM_SSIDHide,false,2026-06-17T08:10:17.087Z,true,2026-06-17T08:10:17.087Z,"",,,,,,
InternetGatewayDevice.LANDevice.1.WLANConfiguration.3.X_CT-COM_VLAN,false,2026-06-17T08:10:17.087Z,true,2026-06-17T08:10:17.087Z,"",,,,,,
InternetGatewayDevice.LANDevice.1.WLANConfiguration.3.X_CT-COM_WPSKeyWord,false,2026-06-17T08:10:17.087Z,true,2026-06-17T08:10:17.087Z,"",,,,,,
InternetGatewayDevice.LANDevice.1.WLANConfiguration.4,true,2026-06-17T08:10:17.087Z,true,2026-06-17T08:10:17.087Z,"",,,,,,
InternetGatewayDevice.LANDevice.1.WLANConfiguration.4.AssociatedDevice,true,2026-06-17T08:10:17.087Z,false,2026-06-17T08:10:17.087Z,"",,,,,,
InternetGatewayDevice.LANDevice.1.WLANConfiguration.4.AuthenticationServiceMode,false,2026-06-17T08:10:17.087Z,true,2026-06-17T08:10:17.087Z,"",,,,,,
InternetGatewayDevice.LANDevice.1.WLANConfiguration.4.AutoRateFallBackEnabled,false,2026-06-17T08:10:17.087Z,true,2026-06-17T08:10:17.087Z,"",,,,,,
InternetGatewayDevice.LANDevice.1.WLANConfiguration.4.BSSID,false,2026-06-17T08:10:17.087Z,false,2026-06-17T08:10:17.087Z,"",,,,,,
InternetGatewayDevice.LANDevice.1.WLANConfiguration.4.BandWidth,false,2026-06-17T08:10:17.087Z,true,2026-06-17T08:10:17.087Z,"",,,,,,
InternetGatewayDevice.LANDevice.1.WLANConfiguration.4.BasicAuthenticationMode,false,2026-06-17T08:10:17.087Z,true,2026-06-17T08:10:17.087Z,"",,,,,,
InternetGatewayDevice.LANDevice.1.WLANConfiguration.4.BasicDataTransmitRates,false,2026-06-17T08:10:17.087Z,true,2026-06-17T08:10:17.087Z,"",,,,,,
InternetGatewayDevice.LANDevice.1.WLANConfiguration.4.BasicEncryptionModes,false,2026-06-17T08:10:17.087Z,true,2026-06-17T08:10:17.087Z,"",,,,,,
InternetGatewayDevice.LANDevice.1.WLANConfiguration.4.BeaconAdvertisementEnabled,false,2026-06-17T08:10:17.087Z,true,2026-06-17T08:10:17.087Z,"",,,,,,
InternetGatewayDevice.LANDevice.1.WLANConfiguration.4.BeaconType,false,2026-06-17T08:10:17.087Z,true,2026-06-17T08:10:17.087Z,"",,,,,,
InternetGatewayDevice.LANDevice.1.WLANConfiguration.4.Channel,false,2026-06-17T08:10:17.087Z,true,2026-06-17T08:10:17.087Z,"",,,,,,
InternetGatewayDevice.LANDevice.1.WLANConfiguration.4.ChannelsInUse,false,2026-06-17T08:10:17.087Z,false,2026-06-17T08:10:17.087Z,"",,,,,,
InternetGatewayDevice.LANDevice.1.WLANConfiguration.4.DeviceOperationMode,false,2026-06-17T08:10:17.087Z,true,2026-06-17T08:10:17.087Z,"",,,,,,
InternetGatewayDevice.LANDevice.1.WLANConfiguration.4.DistanceFromRoot,false,2026-06-17T08:10:17.087Z,true,2026-06-17T08:10:17.087Z,"",,,,,,
InternetGatewayDevice.LANDevice.1.WLANConfiguration.4.Enable,false,2026-06-17T08:10:17.087Z,true,2026-06-17T08:10:17.087Z,"",,,,,,
InternetGatewayDevice.LANDevice.1.WLANConfiguration.4.ExternelChannel,false,2026-06-17T08:10:17.087Z,true,2026-06-17T08:10:17.087Z,"",,,,,,
InternetGatewayDevice.LANDevice.1.WLANConfiguration.4.IEEE11iAuthenticationMode,false,2026-06-17T08:10:17.087Z,true,2026-06-17T08:10:17.087Z,"",,,,,,
InternetGatewayDevice.LANDevice.1.WLANConfiguration.4.IEEE11iEncryptionModes,false,2026-06-17T08:10:17.087Z,true,2026-06-17T08:10:17.087Z,"",,,,,,
InternetGatewayDevice.LANDevice.1.WLANConfiguration.4.InsecureOOBAccessEnabled,false,2026-06-17T08:10:17.087Z,true,2026-06-17T08:10:17.087Z,"",,,,,,
InternetGatewayDevice.LANDevice.1.WLANConfiguration.4.IsolationEnable,false,2026-06-17T08:10:17.087Z,true,2026-06-17T08:10:17.087Z,"",,,,,,
InternetGatewayDevice.LANDevice.1.WLANConfiguration.4.KeyPassphrase,false,2026-06-17T08:10:17.087Z,true,2026-06-17T08:10:17.087Z,"",xsd:string,2026-06-17T08:10:17.099Z,,,,
InternetGatewayDevice.LANDevice.1.WLANConfiguration.4.LocationDescription,false,2026-06-17T08:10:17.087Z,true,2026-06-17T08:10:17.087Z,"",,,,,,
InternetGatewayDevice.LANDevice.1.WLANConfiguration.4.MACAddressControlEnabled,false,2026-06-17T08:10:17.087Z,true,2026-06-17T08:10:17.087Z,"",,,,,,
InternetGatewayDevice.LANDevice.1.WLANConfiguration.4.MaxBitRate,false,2026-06-17T08:10:17.087Z,true,2026-06-17T08:10:17.087Z,"",,,,,,
InternetGatewayDevice.LANDevice.1.WLANConfiguration.4.MaxUserNum,false,2026-06-17T08:10:17.087Z,true,2026-06-17T08:10:17.087Z,"",,,,,,
InternetGatewayDevice.LANDevice.1.WLANConfiguration.4.OperationalDataTransmitRates,false,2026-06-17T08:10:17.087Z,true,2026-06-17T08:10:17.087Z,"",,,,,,
InternetGatewayDevice.LANDevice.1.WLANConfiguration.4.PeerBSSID,false,2026-06-17T08:10:17.087Z,true,2026-06-17T08:10:17.087Z,"",,,,,,
InternetGatewayDevice.LANDevice.1.WLANConfiguration.4.PossibleChannels,false,2026-06-17T08:10:17.087Z,false,2026-06-17T08:10:17.087Z,"",,,,,,
InternetGatewayDevice.LANDevice.1.WLANConfiguration.4.PossibleDataTransmitRates,false,2026-06-17T08:10:17.087Z,false,2026-06-17T08:10:17.087Z,"",,,,,,
InternetGatewayDevice.LANDevice.1.WLANConfiguration.4.PreSharedKey,true,2026-06-17T08:10:17.087Z,false,2026-06-17T08:10:17.087Z,"",,,,,,
InternetGatewayDevice.LANDevice.1.WLANConfiguration.4.RadioEnabled,false,2026-06-17T08:10:17.087Z,true,2026-06-17T08:10:17.087Z,"",,,,,,
InternetGatewayDevice.LANDevice.1.WLANConfiguration.4.RegulatoryDomain,false,2026-06-17T08:10:17.087Z,true,2026-06-17T08:10:17.087Z,"",,,,,,
InternetGatewayDevice.LANDevice.1.WLANConfiguration.4.SSID,false,2026-06-17T08:10:17.087Z,true,2026-06-17T08:10:17.087Z,"SSID4",xsd:string,2026-06-17T08:10:17.099Z,,,,
InternetGatewayDevice.LANDevice.1.WLANConfiguration.4.Standard,false,2026-06-17T08:10:17.087Z,true,2026-06-17T08:10:17.087Z,"",,,,,,
InternetGatewayDevice.LANDevice.1.WLANConfiguration.4.Status,false,2026-06-17T08:10:17.087Z,false,2026-06-17T08:10:17.087Z,"",,,,,,
InternetGatewayDevice.LANDevice.1.WLANConfiguration.4.TotalAssociations,false,2026-06-17T08:10:17.087Z,false,2026-06-17T08:10:17.087Z,"",,,,,,
InternetGatewayDevice.LANDevice.1.WLANConfiguration.4.TotalBytesReceived,false,2026-06-17T08:10:17.087Z,false,2026-06-17T08:10:17.087Z,"",,,,,,
InternetGatewayDevice.LANDevice.1.WLANConfiguration.4.TotalBytesSent,false,2026-06-17T08:10:17.087Z,false,2026-06-17T08:10:17.087Z,"",,,,,,
InternetGatewayDevice.LANDevice.1.WLANConfiguration.4.TotalIntegrityFailures,false,2026-06-17T08:10:17.087Z,false,2026-06-17T08:10:17.087Z,"",,,,,,
InternetGatewayDevice.LANDevice.1.WLANConfiguration.4.TotalPSKFailures,false,2026-06-17T08:10:17.087Z,false,2026-06-17T08:10:17.087Z,"",,,,,,
InternetGatewayDevice.LANDevice.1.WLANConfiguration.4.TotalPacketsReceived,false,2026-06-17T08:10:17.087Z,false,2026-06-17T08:10:17.087Z,"",,,,,,
InternetGatewayDevice.LANDevice.1.WLANConfiguration.4.TotalPacketsSent,false,2026-06-17T08:10:17.087Z,false,2026-06-17T08:10:17.087Z,"",,,,,,
InternetGatewayDevice.LANDevice.1.WLANConfiguration.4.WEPEncryptionLevel,false,2026-06-17T08:10:17.087Z,true,2026-06-17T08:10:17.087Z,"",,,,,,
InternetGatewayDevice.LANDevice.1.WLANConfiguration.4.WEPKey,true,2026-06-17T08:10:17.087Z,false,2026-06-17T08:10:17.087Z,"",,,,,,
InternetGatewayDevice.LANDevice.1.WLANConfiguration.4.WEPKeyIndex,false,2026-06-17T08:10:17.087Z,true,2026-06-17T08:10:17.087Z,"",,,,,,
InternetGatewayDevice.LANDevice.1.WLANConfiguration.4.WPAAuthenticationMode,false,2026-06-17T08:10:17.087Z,true,2026-06-17T08:10:17.087Z,"",,,,,,
InternetGatewayDevice.LANDevice.1.WLANConfiguration.4.WPAEncryptionModes,false,2026-06-17T08:10:17.087Z,true,2026-06-17T08:10:17.087Z,"",,,,,,
InternetGatewayDevice.LANDevice.1.WLANConfiguration.4.X_CT-COM_APModuleEnable,false,2026-06-17T08:10:17.087Z,true,2026-06-17T08:10:17.087Z,"",,,,,,
InternetGatewayDevice.LANDevice.1.WLANConfiguration.4.X_CT-COM_ChannelWidth,false,2026-06-17T08:10:17.087Z,true,2026-06-17T08:10:17.087Z,"",,,,,,
InternetGatewayDevice.LANDevice.1.WLANConfiguration.4.X_CT-COM_GuardInterval,false,2026-06-17T08:10:17.087Z,true,2026-06-17T08:10:17.087Z,"",,,,,,
InternetGatewayDevice.LANDevice.1.WLANConfiguration.4.X_CT-COM_Mode,false,2026-06-17T08:10:17.087Z,true,2026-06-17T08:10:17.087Z,"",,,,,,
InternetGatewayDevice.LANDevice.1.WLANConfiguration.4.X_CT-COM_PowerValue,false,2026-06-17T08:10:17.087Z,false,2026-06-17T08:10:17.087Z,"",,,,,,
InternetGatewayDevice.LANDevice.1.WLANConfiguration.4.X_CT-COM_Powerlevel,false,2026-06-17T08:10:17.087Z,true,2026-06-17T08:10:17.087Z,"",,,,,,
InternetGatewayDevice.LANDevice.1.WLANConfiguration.4.X_CT-COM_RFBand,false,2026-06-17T08:10:17.087Z,true,2026-06-17T08:10:17.087Z,"",,,,,,
InternetGatewayDevice.LANDevice.1.WLANConfiguration.4.X_CT-COM_RetryTimeout,false,2026-06-17T08:10:17.087Z,true,2026-06-17T08:10:17.087Z,"",,,,,,
InternetGatewayDevice.LANDevice.1.WLANConfiguration.4.X_CT-COM_SSIDHide,false,2026-06-17T08:10:17.087Z,true,2026-06-17T08:10:17.087Z,"",,,,,,
InternetGatewayDevice.LANDevice.1.WLANConfiguration.4.X_CT-COM_VLAN,false,2026-06-17T08:10:17.087Z,true,2026-06-17T08:10:17.087Z,"",,,,,,
InternetGatewayDevice.LANDevice.1.WLANConfiguration.4.X_CT-COM_WPSKeyWord,false,2026-06-17T08:10:17.087Z,true,2026-06-17T08:10:17.087Z,"",,,,,,
InternetGatewayDevice.LANDevice.1.X_CT-COM_DHCPv6Server,true,2026-06-17T08:10:17.087Z,true,2026-06-17T08:10:17.087Z,"",,,,,,
InternetGatewayDevice.LANDevice.1.X_CT-COM_DataSpeedLimit,true,2026-06-17T08:10:17.087Z,true,2026-06-17T08:10:17.087Z,"",,,,,,
InternetGatewayDevice.LANDevice.1.X_CT-COM_IPv6Config,true,2026-06-17T08:10:17.087Z,false,2026-06-17T08:10:17.087Z,"",,,,,,
InternetGatewayDevice.LANDevice.1.X_CT-COM_LoopbackDetection,true,2026-06-17T08:10:17.087Z,true,2026-06-17T08:10:17.087Z,"",,,,,,
InternetGatewayDevice.LANDevice.1.X_CT-COM_RouterAdvertisement,true,2026-06-17T08:10:17.087Z,true,2026-06-17T08:10:17.087Z,"",,,,,,
InternetGatewayDevice.Layer2Bridging,true,2026-06-17T08:10:17.087Z,false,2026-06-17T08:10:17.087Z,"",,,,,,
InternetGatewayDevice.Layer3Forwarding,true,2026-06-17T08:10:17.087Z,false,2026-06-17T08:10:17.087Z,"",,,,,,
InternetGatewayDevice.ManagementServer,true,2026-06-17T08:10:17.087Z,false,2026-06-17T08:10:17.087Z,"",,,,,,
InternetGatewayDevice.ManagementServer.ConnectionRequestPassword,false,2026-06-17T08:10:17.087Z,true,2026-06-17T08:10:17.087Z,"",xsd:string,2026-06-17T08:10:17.105Z,,,,
InternetGatewayDevice.ManagementServer.ConnectionRequestURL,false,2026-06-17T08:10:17.087Z,false,2026-06-17T08:10:17.087Z,"http://10.254.101.245:58000",xsd:string,2026-06-17T09:01:38.816Z,,,,
InternetGatewayDevice.ManagementServer.ConnectionRequestUsername,false,2026-06-17T08:10:17.087Z,true,2026-06-17T08:10:17.087Z,"itms",xsd:string,2026-06-17T08:10:17.105Z,,,,
InternetGatewayDevice.ManagementServer.KickURL,false,2026-06-17T08:10:17.087Z,false,2026-06-17T08:10:17.087Z,"",,,,,,
InternetGatewayDevice.ManagementServer.ParameterKey,false,2026-06-17T08:10:17.087Z,false,2026-06-17T08:10:17.087Z,"",xsd:string,2026-06-17T09:01:38.816Z,,,,
InternetGatewayDevice.ManagementServer.Password,false,2026-06-17T08:10:17.087Z,true,2026-06-17T08:10:17.087Z,"",,,,,,
InternetGatewayDevice.ManagementServer.PeriodicInformEnable,false,2026-06-17T08:10:17.087Z,true,2026-06-17T08:10:17.087Z,"true",xsd:boolean,2026-06-17T08:10:17.105Z,,,,
InternetGatewayDevice.ManagementServer.PeriodicInformInterval,false,2026-06-17T08:10:17.087Z,true,2026-06-17T08:10:17.087Z,"300",xsd:unsignedInt,2026-06-17T08:10:17.105Z,,,,
InternetGatewayDevice.ManagementServer.PeriodicInformTime,false,2026-06-17T08:10:17.087Z,true,2026-06-17T08:10:17.087Z,"0001-01-01T00:00:00.000Z",xsd:dateTime,2026-06-17T08:10:17.105Z,,,,
InternetGatewayDevice.ManagementServer.URL,false,2026-06-17T08:10:17.087Z,true,2026-06-17T08:10:17.087Z,"",,,,,,
InternetGatewayDevice.ManagementServer.UpgradesManaged,false,2026-06-17T08:10:17.087Z,true,2026-06-17T08:10:17.087Z,"",,,,,,
InternetGatewayDevice.ManagementServer.Username,false,2026-06-17T08:10:17.087Z,true,2026-06-17T08:10:17.087Z,"",,,,,,
InternetGatewayDevice.Services,true,2026-06-17T08:10:17.087Z,false,2026-06-17T08:10:17.087Z,"",,,,,,
InternetGatewayDevice.Time,true,2026-06-17T08:10:17.087Z,false,2026-06-17T08:10:17.087Z,"",,,,,,
InternetGatewayDevice.WANDevice,true,2026-06-17T08:10:17.087Z,false,2026-06-17T08:10:17.087Z,"",,,,,,
InternetGatewayDevice.WANDevice.1,true,2026-06-17T08:10:17.087Z,false,2026-06-17T08:10:17.087Z,"",,,,,,
InternetGatewayDevice.WANDevice.1.WANConnectionDevice,true,2026-06-17T08:10:17.087Z,,,"",,,,,,
InternetGatewayDevice.WANDevice.1.WANConnectionDevice.1,true,2026-06-17T08:10:17.087Z,true,2026-06-17T08:10:17.087Z,"",,,,,,
InternetGatewayDevice.WANDevice.1.WANConnectionDevice.1.WANIPConnection,true,2026-06-17T08:10:17.087Z,,,"",,,,,,
InternetGatewayDevice.WANDevice.1.WANConnectionDevice.1.WANIPConnection.1,true,2026-06-17T08:10:17.087Z,true,2026-06-17T08:10:17.087Z,"",,,,,,
InternetGatewayDevice.WANDevice.1.WANConnectionDevice.1.WANIPConnection.1.AddressingType,false,2026-06-17T08:10:17.087Z,true,2026-06-17T08:10:17.087Z,"",,,,,,
InternetGatewayDevice.WANDevice.1.WANConnectionDevice.1.WANIPConnection.1.AutoDisconnectTime,false,2026-06-17T08:10:17.087Z,true,2026-06-17T08:10:17.087Z,"",,,,,,
InternetGatewayDevice.WANDevice.1.WANConnectionDevice.1.WANIPConnection.1.ConnectionStatus,false,2026-06-17T08:10:17.087Z,false,2026-06-17T08:10:17.087Z,"",,,,,,
InternetGatewayDevice.WANDevice.1.WANConnectionDevice.1.WANIPConnection.1.ConnectionTrigger,false,2026-06-17T08:10:17.087Z,true,2026-06-17T08:10:17.087Z,"",,,,,,
InternetGatewayDevice.WANDevice.1.WANConnectionDevice.1.WANIPConnection.1.ConnectionType,false,2026-06-17T08:10:17.087Z,true,2026-06-17T08:10:17.087Z,"",,,,,,
InternetGatewayDevice.WANDevice.1.WANConnectionDevice.1.WANIPConnection.1.DNSEnabled,false,2026-06-17T08:10:17.087Z,true,2026-06-17T08:10:17.087Z,"",,,,,,
InternetGatewayDevice.WANDevice.1.WANConnectionDevice.1.WANIPConnection.1.DNSOverrideAllowed,false,2026-06-17T08:10:17.087Z,true,2026-06-17T08:10:17.087Z,"",,,,,,
InternetGatewayDevice.WANDevice.1.WANConnectionDevice.1.WANIPConnection.1.DNSServers,false,2026-06-17T08:10:17.087Z,true,2026-06-17T08:10:17.087Z,"",,,,,,
InternetGatewayDevice.WANDevice.1.WANConnectionDevice.1.WANIPConnection.1.DefaultGateway,false,2026-06-17T08:10:17.087Z,true,2026-06-17T08:10:17.087Z,"",,,,,,
InternetGatewayDevice.WANDevice.1.WANConnectionDevice.1.WANIPConnection.1.Enable,false,2026-06-17T08:10:17.087Z,true,2026-06-17T08:10:17.087Z,"",,,,,,
InternetGatewayDevice.WANDevice.1.WANConnectionDevice.1.WANIPConnection.1.ExternalIPAddress,false,2026-06-17T08:10:17.087Z,true,2026-06-17T08:10:17.087Z,"10.254.101.245",xsd:string,2026-06-17T09:01:38.816Z,,,,
InternetGatewayDevice.WANDevice.1.WANConnectionDevice.1.WANIPConnection.1.IdleDisconnectTime,false,2026-06-17T08:10:17.087Z,true,2026-06-17T08:10:17.087Z,"",,,,,,
InternetGatewayDevice.WANDevice.1.WANConnectionDevice.1.WANIPConnection.1.LastConnectionError,false,2026-06-17T08:10:17.087Z,false,2026-06-17T08:10:17.087Z,"",,,,,,
InternetGatewayDevice.WANDevice.1.WANConnectionDevice.1.WANIPConnection.1.MACAddress,false,2026-06-17T08:10:17.087Z,true,2026-06-17T08:10:17.087Z,"A4:F3:3B:8C:94:AF",xsd:string,2026-06-17T08:10:17.091Z,,,,
InternetGatewayDevice.WANDevice.1.WANConnectionDevice.1.WANIPConnection.1.MACAddressOverride,false,2026-06-17T08:10:17.087Z,true,2026-06-17T08:10:17.087Z,"",,,,,,
InternetGatewayDevice.WANDevice.1.WANConnectionDevice.1.WANIPConnection.1.MaxMTUSize,false,2026-06-17T08:10:17.087Z,true,2026-06-17T08:10:17.087Z,"",,,,,,
InternetGatewayDevice.WANDevice.1.WANConnectionDevice.1.WANIPConnection.1.NATEnabled,false,2026-06-17T08:10:17.087Z,true,2026-06-17T08:10:17.087Z,"",,,,,,
InternetGatewayDevice.WANDevice.1.WANConnectionDevice.1.WANIPConnection.1.Name,false,2026-06-17T08:10:17.087Z,true,2026-06-17T08:10:17.087Z,"",,,,,,
InternetGatewayDevice.WANDevice.1.WANConnectionDevice.1.WANIPConnection.1.PortMapping,true,2026-06-17T08:10:17.087Z,true,2026-06-17T08:10:17.087Z,"",,,,,,
InternetGatewayDevice.WANDevice.1.WANConnectionDevice.1.WANIPConnection.1.PortMappingNumberOfEntries,false,2026-06-17T08:10:17.087Z,false,2026-06-17T08:10:17.087Z,"",,,,,,
InternetGatewayDevice.WANDevice.1.WANConnectionDevice.1.WANIPConnection.1.PossibleConnectionTypes,false,2026-06-17T08:10:17.087Z,false,2026-06-17T08:10:17.087Z,"",,,,,,
InternetGatewayDevice.WANDevice.1.WANConnectionDevice.1.WANIPConnection.1.RSIPAvailable,false,2026-06-17T08:10:17.087Z,false,2026-06-17T08:10:17.087Z,"",,,,,,
InternetGatewayDevice.WANDevice.1.WANConnectionDevice.1.WANIPConnection.1.RouteProtocolRx,false,2026-06-17T08:10:17.087Z,true,2026-06-17T08:10:17.087Z,"",,,,,,
InternetGatewayDevice.WANDevice.1.WANConnectionDevice.1.WANIPConnection.1.ShapingBurstSize,false,2026-06-17T08:10:17.087Z,true,2026-06-17T08:10:17.087Z,"",,,,,,
InternetGatewayDevice.WANDevice.1.WANConnectionDevice.1.WANIPConnection.1.ShapingRate,false,2026-06-17T08:10:17.087Z,true,2026-06-17T08:10:17.087Z,"",,,,,,
InternetGatewayDevice.WANDevice.1.WANConnectionDevice.1.WANIPConnection.1.SubnetMask,false,2026-06-17T08:10:17.087Z,true,2026-06-17T08:10:17.087Z,"",,,,,,
InternetGatewayDevice.WANDevice.1.WANConnectionDevice.1.WANIPConnection.1.Uptime,false,2026-06-17T08:10:17.087Z,false,2026-06-17T08:10:17.087Z,"",,,,,,
InternetGatewayDevice.WANDevice.1.WANConnectionDevice.1.WANIPConnection.1.WarnDisconnectDelay,false,2026-06-17T08:10:17.087Z,true,2026-06-17T08:10:17.087Z,"",,,,,,
InternetGatewayDevice.WANDevice.1.WANConnectionDevice.1.WANIPConnection.1.X_CT-COM_Aftr,false,2026-06-17T08:10:17.087Z,true,2026-06-17T08:10:17.087Z,"",,,,,,
InternetGatewayDevice.WANDevice.1.WANConnectionDevice.1.WANIPConnection.1.X_CT-COM_AftrMode,false,2026-06-17T08:10:17.087Z,true,2026-06-17T08:10:17.087Z,"",,,,,,
InternetGatewayDevice.WANDevice.1.WANConnectionDevice.1.WANIPConnection.1.X_CT-COM_DDNSConfiguration,true,2026-06-17T08:10:17.087Z,true,2026-06-17T08:10:17.087Z,"",,,,,,
InternetGatewayDevice.WANDevice.1.WANConnectionDevice.1.WANIPConnection.1.X_CT-COM_DHCPOPTION125,true,2026-06-17T08:10:17.087Z,true,2026-06-17T08:10:17.087Z,"",,,,,,
InternetGatewayDevice.WANDevice.1.WANConnectionDevice.1.WANIPConnection.1.X_CT-COM_DHCPOPTION60,true,2026-06-17T08:10:17.087Z,true,2026-06-17T08:10:17.087Z,"",,,,,,
InternetGatewayDevice.WANDevice.1.WANConnectionDevice.1.WANIPConnection.1.X_CT-COM_DHCPv6OPTION16,true,2026-06-17T08:10:17.087Z,true,2026-06-17T08:10:17.087Z,"",,,,,,
InternetGatewayDevice.WANDevice.1.WANConnectionDevice.1.WANIPConnection.1.X_CT-COM_DHCPv6OPTION17,true,2026-06-17T08:10:17.087Z,true,2026-06-17T08:10:17.087Z,"",,,,,,
InternetGatewayDevice.WANDevice.1.WANConnectionDevice.1.WANIPConnection.1.X_CT-COM_DefaultIPv6Gateway,false,2026-06-17T08:10:17.087Z,true,2026-06-17T08:10:17.087Z,"",,,,,,
InternetGatewayDevice.WANDevice.1.WANConnectionDevice.1.WANIPConnection.1.X_CT-COM_Dslite_Enable,false,2026-06-17T08:10:17.087Z,true,2026-06-17T08:10:17.087Z,"",,,,,,
InternetGatewayDevice.WANDevice.1.WANConnectionDevice.1.WANIPConnection.1.X_CT-COM_IPForwardList,false,2026-06-17T08:10:17.087Z,true,2026-06-17T08:10:17.087Z,"",,,,,,
InternetGatewayDevice.WANDevice.1.WANConnectionDevice.1.WANIPConnection.1.X_CT-COM_IPMode,false,2026-06-17T08:10:17.087Z,true,2026-06-17T08:10:17.087Z,"",,,,,,
InternetGatewayDevice.WANDevice.1.WANConnectionDevice.1.WANIPConnection.1.X_CT-COM_IPoEName,false,2026-06-17T08:10:17.087Z,true,2026-06-17T08:10:17.087Z,"",,,,,,
InternetGatewayDevice.WANDevice.1.WANConnectionDevice.1.WANIPConnection.1.X_CT-COM_IPoEPassword,false,2026-06-17T08:10:17.087Z,true,2026-06-17T08:10:17.087Z,"",,,,,,
InternetGatewayDevice.WANDevice.1.WANConnectionDevice.1.WANIPConnection.1.X_CT-COM_IPv6ConnStatus,false,2026-06-17T08:10:17.087Z,false,2026-06-17T08:10:17.087Z,"",,,,,,
InternetGatewayDevice.WANDevice.1.WANConnectionDevice.1.WANIPConnection.1.X_CT-COM_IPv6DNSServers,false,2026-06-17T08:10:17.087Z,true,2026-06-17T08:10:17.087Z,"",,,,,,
InternetGatewayDevice.WANDevice.1.WANConnectionDevice.1.WANIPConnection.1.X_CT-COM_IPv6DomainName,false,2026-06-17T08:10:17.087Z,true,2026-06-17T08:10:17.087Z,"",,,,,,
InternetGatewayDevice.WANDevice.1.WANConnectionDevice.1.WANIPConnection.1.X_CT-COM_IPv6IPAddress,false,2026-06-17T08:10:17.087Z,true,2026-06-17T08:10:17.087Z,"",,,,,,
InternetGatewayDevice.WANDevice.1.WANConnectionDevice.1.WANIPConnection.1.X_CT-COM_IPv6IPAddressAlias,false,2026-06-17T08:10:17.087Z,false,2026-06-17T08:10:17.087Z,"",,,,,,
InternetGatewayDevice.WANDevice.1.WANConnectionDevice.1.WANIPConnection.1.X_CT-COM_IPv6IPAddressOrigin,false,2026-06-17T08:10:17.087Z,true,2026-06-17T08:10:17.087Z,"",,,,,,
InternetGatewayDevice.WANDevice.1.WANConnectionDevice.1.WANIPConnection.1.X_CT-COM_IPv6Prefix,false,2026-06-17T08:10:17.087Z,true,2026-06-17T08:10:17.087Z,"",,,,,,
InternetGatewayDevice.WANDevice.1.WANConnectionDevice.1.WANIPConnection.1.X_CT-COM_IPv6PrefixAlias,false,2026-06-17T08:10:17.087Z,false,2026-06-17T08:10:17.087Z,"",,,,,,
InternetGatewayDevice.WANDevice.1.WANConnectionDevice.1.WANIPConnection.1.X_CT-COM_IPv6PrefixDelegationEnabled,false,2026-06-17T08:10:17.087Z,true,2026-06-17T08:10:17.087Z,"",,,,,,
InternetGatewayDevice.WANDevice.1.WANConnectionDevice.1.WANIPConnection.1.X_CT-COM_IPv6PrefixOrigin,false,2026-06-17T08:10:17.087Z,true,2026-06-17T08:10:17.087Z,"",,,,,,
InternetGatewayDevice.WANDevice.1.WANConnectionDevice.1.WANIPConnection.1.X_CT-COM_IPv6PrefixPltime,false,2026-06-17T08:10:17.087Z,true,2026-06-17T08:10:17.087Z,"",,,,,,
InternetGatewayDevice.WANDevice.1.WANConnectionDevice.1.WANIPConnection.1.X_CT-COM_IPv6PrefixVltime,false,2026-06-17T08:10:17.087Z,true,2026-06-17T08:10:17.087Z,"",,,,,,
InternetGatewayDevice.WANDevice.1.WANConnectionDevice.1.WANIPConnection.1.X_CT-COM_LanInterface,false,2026-06-17T08:10:17.087Z,true,2026-06-17T08:10:17.087Z,"",,,,,,
InternetGatewayDevice.WANDevice.1.WANConnectionDevice.1.WANIPConnection.1.X_CT-COM_LanInterface-DHCPEnable,false,2026-06-17T08:10:17.087Z,true,2026-06-17T08:10:17.087Z,"",,,,,,
InternetGatewayDevice.WANDevice.1.WANConnectionDevice.1.WANIPConnection.1.X_CT-COM_MulticastVlan,false,2026-06-17T08:10:17.087Z,true,2026-06-17T08:10:17.087Z,"",,,,,,
InternetGatewayDevice.WANDevice.1.WANConnectionDevice.1.WANIPConnection.1.X_CT-COM_ServiceList,false,2026-06-17T08:10:17.087Z,true,2026-06-17T08:10:17.087Z,"",,,,,,
InternetGatewayDevice.WANDevice.1.WANConnectionDevice.1.WANIPConnection.1.X_CT-COM_UpstreamWAN,false,2026-06-17T08:10:17.087Z,true,2026-06-17T08:10:17.087Z,"",,,,,,
InternetGatewayDevice.WANDevice.1.WANConnectionDevice.2,true,2026-06-17T08:10:17.087Z,true,2026-06-17T08:10:17.087Z,"",,,,,,
InternetGatewayDevice.WANDevice.1.WANConnectionDevice.2.WANIPConnection,true,2026-06-17T08:10:17.087Z,true,2026-06-17T08:10:17.087Z,"",,,,,,
InternetGatewayDevice.WANDevice.1.WANConnectionDevice.2.WANIPConnectionNumberOfEntries,false,2026-06-17T08:10:17.087Z,false,2026-06-17T08:10:17.087Z,"",,,,,,
InternetGatewayDevice.WANDevice.1.WANConnectionDevice.2.WANPPPConnection,true,2026-06-17T08:10:17.087Z,true,2026-06-17T08:10:17.087Z,"",,,,,,
InternetGatewayDevice.WANDevice.1.WANConnectionDevice.2.WANPPPConnectionNumberOfEntries,false,2026-06-17T08:10:17.087Z,false,2026-06-17T08:10:17.087Z,"",,,,,,
InternetGatewayDevice.WANDevice.1.WANConnectionDevice.2.X_CT-COM_WANEponLinkConfig,true,2026-06-17T08:10:17.087Z,true,2026-06-17T08:10:17.087Z,"",,,,,,
InternetGatewayDevice.X_CT-COM_DNSSpeedLimit,true,2026-06-17T08:10:17.087Z,true,2026-06-17T08:10:17.087Z,"",,,,,,
InternetGatewayDevice.X_CT-COM_IPTraceRouteDiagnostics,true,2026-06-17T08:10:17.087Z,false,2026-06-17T08:10:17.087Z,"",,,,,,
InternetGatewayDevice.X_CT-COM_IPoEDiagnostics,true,2026-06-17T08:10:17.087Z,false,2026-06-17T08:10:17.087Z,"",,,,,,
InternetGatewayDevice.X_CT-COM_PPPOE_EMULATOR,true,2026-06-17T08:10:17.087Z,false,2026-06-17T08:10:17.087Z,"",,,,,,
InternetGatewayDevice.X_CT-COM_ProxyDevice,true,2026-06-17T08:10:17.087Z,false,2026-06-17T08:10:17.087Z,"",,,,,,
InternetGatewayDevice.X_CT-COM_Security,true,2026-06-17T08:10:17.087Z,false,2026-06-17T08:10:17.087Z,"",,,,,,
InternetGatewayDevice.X_CT-COM_UplinkQoS,true,2026-06-17T08:10:17.087Z,false,2026-06-17T08:10:17.087Z,"",,,,,,
InternetGatewayDevice.X_CT-COM_UserInfo,true,2026-06-17T08:10:17.087Z,false,2026-06-17T08:10:17.087Z,"",,,,,,
InternetGatewayDevice.X_CT-COM_UserInfo.UserName,false,2026-06-17T08:10:17.087Z,,,"ZICG298C94AE",xsd:string,2026-06-17T09:01:38.816Z,,,,